scenario_family,rows,positive_support,negative_support,prevalence,predicted_positive_rate,true_negative,false_positive,false_negative,true_positive,precision,recall,f1,f2,accuracy,balanced_accuracy,false_positive_rate,false_negative_rate,specificity,brier_score,expected_calibration_error_10_bin,pr_auc,roc_auc
anomaly_or_liquidity,3678,3678,0,1.0,0.702283849918434,0,0,1095,2583,1.0,0.702283849918434,0.8251078102539531,0.7467476149176062,0.702283849918434,0.702283849918434,,0.29771615008156604,,0.3149644429180317,0.47639815348830883,,
combined_adversarial,9892,9892,0,1.0,0.9130610594419734,0,0,860,9032,1.0,0.9130610594419734,0.9545550623546819,0.9292181069958848,0.9130610594419734,0.9130610594419734,,0.08693894055802669,,0.13736247857880246,0.3112755039102304,,
data_quality,2925,2925,0,1.0,0.7357264957264957,0,0,773,2152,1.0,0.7357264957264957,0.8477447311404372,0.7767831360092405,0.7357264957264957,0.7357264957264957,,0.26427350427350427,,0.26362032027673477,0.4283968242905982,,
hard_negative_normal,7014,0,7014,0.0,0.09252922725976619,6365,649,0,0,0.0,0.0,0.0,0.0,0.9074707727402338,0.9074707727402338,0.09252922725976619,,0.9074707727402338,0.015722114623985078,0.09717697903336185,,
normal,24491,0,24491,0.0,0.014821771262912906,24128,363,0,0,0.0,0.0,0.0,0.0,0.985178228737087,0.985178228737087,0.014821771262912906,,0.985178228737087,0.010201116025276218,0.08765679480829693,,
