service,actual_shortage_rows,correct_service_predictions,service_recall,shortage_120m_recall
shared_cash,4821,2481,0.5146235220908525,0.5158680771624145
bkash,794,354,0.44584382871536526,0.5642317380352645
nagad,798,226,0.2832080200501253,0.5037593984962406
rocket,694,89,0.1282420749279539,0.5014409221902018
